Adrian Anghel;1958-08-10;1;'43 Diaspora, colegiul uninominal nr.2';'';'1';'{}'
Ionel Agrigoroaiei;1968-04-14;1;'24 Iași, colegiul uninominal nr.1';'';'2';'{}'
Ecaterina Andronescu;1948-04-07;1;'42 București, colegiul uninominal nr.6';'Ecaterina Andronescu';'3';'{"2008": 1, "1996": 2, "2000": 2, "2004": 2, "2012": 1}'
Cristiana-Irina Anghel;1959-12-18;1;'17 Dolj, colegiul uninominal nr.1';'Cristiana-Irina Anghel';'4';'{}'
George Crin Laurențiu Antonescu;1959-09-21;1;'36 Teleorman, colegiul uninominal nr.2';'George Crin Laurențiu Antonescu';'5';'{"1992": 2, "1996": 2, "2000": 2, "2004": 2, "2008": 1, "2012": 1}'
Viorel Arcaș;1958-05-12;1;'34 Sibiu, colegiul uninominal nr.2';'Viorel Arcaș';'6';'{"2008": 1, "2004": 1, "2012": 1}'
Ben-Oni Ardelean;1975-09-01;1;'37 Timiș, colegiul uninominal nr.1';'';'7';'{}'
Ion Ariton;1956-02-15;1;'34 Sibiu, colegiul uninominal nr.1';'Ion Ariton';'8';'{"2008": 1, "2012": 1}'
Teodor Atanasiu;1962-09-23;1;'1 Alba, colegiul uninominal nr.1';'';'9';'{"2008": 2, "2012": 1}'
Leonardo Badea;1975-02-23;1;'16 Dâmbovița, colegiul uninominal nr.1';'';'10';'{}'
Viorel Riceard Badea;1968-06-21;1;'43 Diaspora, colegiul uninominal nr.1';'';'11';'{"2008": 1, "2012": 1}'
Mircea Marius Banias;1966-03-06;1;'14 Constanța, colegiul uninominal nr.4';'Mircea Marius Banias';'12';'{"2008": 1, "2012": 1}'
Daniel-Constantin Barbu;1957-05-21;1;'42 București, colegiul uninominal nr.5';'';'13';'{}'
Tudor Barbu;1959-02-14;1;'20 Gorj, colegiul uninominal nr.1';'Tudor Barbu';'14';'{}'
Niculae Bădălău;1960-12-08;1;'19 Giurgiu, colegiul uninominal nr.1';'';'15';'{"2004": 2, "2012": 1}'
Marius Bălu;1968-11-04;1;'27 Mehedinți, colegiul uninominal nr.1';'Marius Bălu';'16';'{}'
Trifon Belacurencu;1953-01-10;1;'38 Tulcea, colegiul uninominal nr.2';'Trifon Belacurencu';'17';'{"2008": 1, "2012": 1}'
Neculai Bereanu;1963-05-03;1;'35 Suceava, colegiul uninominal nr.1';'';'18';'{}'
Biró Rozalia Ibolya;1965-05-13;1;'5 Bihor, colegiul uninominal nr.1';'';'19';'{}'
Vasile Blaga;1956-07-26;1;'37 Timiș, colegiul uninominal nr.3';'Vasile Blaga';'20';'{"1990": 2, "2008": 1, "1996": 1, "2004": 1, "2012": 1}'
Anca-Daniela Boagiu;1968-11-30;1;'42 București, colegiul uninominal nr.4';'Anca-Daniela Boagiu';'21';'{"2008": 1, "2000": 2, "2004": 2, "2012": 1}'
Cătălin Boboc;1976-05-18;1;'9 Brăila, colegiul uninominal nr.2';'';'22';'{}'
Cristian Petru Bodea;1974-01-08;1;'5 Bihor, colegiul uninominal nr.2';'';'23';'{}'
Florian Dorel Bodog;1971-09-06;1;'5 Bihor, colegiul uninominal nr.4';'';'24';'{}'
Valeriu-Victor Boeriu;1954-05-28;1;'5 Bihor, colegiul uninominal nr.3';'Valeriu-Victor Boeriu';'25';'{"2004": 2, "2012": 1}'
Andrei-Liviu Volosevici;1976-03-26;1;'31 Prahova, colegiul uninominal nr.5';'';'26';'{}'
Marius Sorin-Ovidiu Bota;1969-08-09;1;'26 Maramureș, colegiul uninominal nr.2';'';'27';'{"2008": 1, "2012": 1}'
Dumitru Marcel Bujor;1954-10-21;1;'4 Bacău, colegiul uninominal nr.4';'';'28';'{}'
Octavian-Liviu Bumbu;1955-02-12;1;'29 Neamț, colegiul uninominal nr.3';'Octavian-Liviu Bumbu';'29';'{}'
Marin Burlea;1949-01-08;1;'24 Iași, colegiul uninominal nr.5';'';'30';'{}'
Florinel Butnaru;1959-04-07;1;'40 Vâlcea, colegiul uninominal nr.1';'';'31';'{}'
Ionel Daniel Butunoi;1975-01-02;1;'18 Galați, colegiul uninominal nr.1';'';'32';'{}'
Leonard Cadăr;1965-07-01;1;'29 Neamț, colegiul uninominal nr.2';'';'33';'{}'
Valentin Gigel Calcan;1965-07-21;1;'16 Dâmbovița, colegiul uninominal nr.3';'';'34';'{"2008": 1, "2000": 2, "2012": 1}'
Mariana Câmpeanu;1948-05-01;1;'22 Hunedoara, colegiul uninominal nr.3';'Mariana Câmpeanu';'35';'{"2008": 2, "2012": 1}'
Ioan Chelaru;1953-02-10;1;'29 Neamț, colegiul uninominal nr.2';'';'36';'{"2008": 1, "2004": 1, "2012": 1}'
Viorel Chiriac;1962-10-09;1;'8 Brașov, colegiul uninominal nr.2';'';'37';'{}'
Gigi Christian Chiru;1966-02-01;1;'14 Constanța, colegiul uninominal nr.4';'Gigi Christian Chiru';'38';'{}'
Tudor-Alexandru Chiuariu;1976-07-13;1;'27 Mehedinți, colegiul uninominal nr.2';'Tudor-Alexandru Chiuariu';'39';'{"2008": 2, "2012": 1}'
Victor Ciorbea;1954-10-26;1;'42 București, colegiul uninominal nr.7';'Victor Ciorbea';'40';'{}'
Laurențiu Florian Coca;1960-10-19;1;'40 Vâlcea, colegiul uninominal nr.1';'';'41';'{"2008": 1, "2012": 1}'
Florin Constantinescu;1956-04-24;1;'24 Iași, colegiul uninominal nr.3';'Florin Constantinescu';'42';'{"2008": 1, "2012": 1}'
Alexandru Cordoș;1962-07-01;1;'13 Cluj, colegiul uninominal nr.4';'Alexandru Cordoș';'43';'{"2008": 1, "2012": 1}'
Titus Corlățean;1968-01-11;1;'42 București, colegiul uninominal nr.1';'Titus Corlățean';'44';'{"2008": 1, "2004": 2, "2012": 1}'
Marius Coste;1964-04-30;1;'8 Brașov, colegiul uninominal nr.1';'';'45';'{}'
Marin-Adrănel Cotescu;1953-07-09;1;'40 Vâlcea, colegiul uninominal nr.3';'';'46';'{}'
Gabriela Crețu;1965-01-16;1;'39 Vaslui, colegiul uninominal nr.2';'Gabriela Crețu';'47';'{"2004": 2, "2012": 1}'
Iulian Cristache;1954-09-10;1;'3 Argeș, colegiul uninominal nr.2';'';'48';'{}'
Ioan Cristina;1975-09-09;1;'2 Arad, colegiul uninominal nr.2';'';'49';'{}'
Cătălin Croitoru;1954-09-11;1;'42 București, colegiul uninominal nr.9';'Cătălin Croitoru';'50';'{"2008": 2, "2012": 1}'
Ioan Deneș;1968-04-13;1;'';'';'51';'{}'
Mărinică Dincă;1976-08-04;1;'17 Dolj, colegiul uninominal nr.1';'';'52';'{}'
Dorin-Mircea Dobra;1975-07-14;1;'';'';'53';'{}'
Corneliu Dobrițoiu;1955-09-18;1;'42 București, colegiul uninominal nr.11';'Corneliu Dobrițoiu';'54';'{}'
Ovidiu Liviu Donțu;1969-03-26;1;'35 Suceava, colegiul uninominal nr.3';'';'55';'{}'
Damian Drăghici;1970-03-31;1;'4 Bacău, colegiul uninominal nr.4';'Damian Drăghici';'56';'{}'
Eugen Durbacă;1943-05-16;1;'18 Galați, colegiul uninominal nr.4';'Eugen Durbacă';'57';'{}'
Cristian-Sorin Dumitrescu;1955-04-24;1;'41 Vrancea, colegiul uninominal nr.2';'Cristian-Sorin Dumitrescu';'58';'{"1992": 1, "1996": 1, "2000": 2, "2004": 2, "2008": 2, "2012": 1}'
Florinel Dumitrescu;1967-12-11;1;'36 Teleorman, colegiul uninominal nr.1';'';'59';'{}'
Iulian Dumitrescu;1972-05-12;1;'12 Călărași, colegiul uninominal nr.2';'Iulian Dumitrescu';'60';'{}'
Aurel Duruț;1951-06-22;1;'';'';'61';'{}'
Petru Ehegartner;1957-08-05;1;'37 Timiș, colegiul uninominal nr.2';'';'62';'{}'
Doina Elena Federovici;1974-05-30;1;'7 Botoșani, colegiul uninominal nr.1';'';'63';'{}'
Mihai-Viorel Fifor;1970-05-10;1;'17 Dolj, colegiul uninominal nr.2';'';'64';'{}'
Petru Filip;1955-01-23;1;'41 Vrancea, colegiul uninominal nr.1';'Petru Filip';'65';'{"2008": 1, "2012": 1}'
Gabriela Firea;1972-07-13;1;'25 Ilfov, colegiul uninominal nr.1';'Gabriela Firea';'66';'{}'
Daniel Cristian Florian;1977-08-29;1;'';'';'67';'{}'
Gheorghe Flutur;1960-07-08;1;'35 Suceava, colegiul uninominal nr.2';'Gheorghe Flutur';'68';'{"2000": 1, "2004": 1, "2012": 1}'
Petru Alexandru Frătean;1953-09-09;1;'28 Mureș, colegiul uninominal nr.4';'';'69';'{}'
Mircea Dan Geoană;1958-07-14;1;'17 Dolj, colegiul uninominal nr.5';'Mircea Dan Geoană';'70';'{"2008": 1, "2004": 1, "2012": 1}'
Găvrilă Ghilea;1957-01-24;1;'5 Bihor, colegiul uninominal nr.3';'Găvrilă Ghilea';'71';'{}'
Ioan Ghișe;1956-05-08;1;'8 Brașov, colegiul uninominal nr.3';'Ioan Ghișe';'72';'{"2008": 1, "1992": 2, "2004": 2, "2012": 1}'
Sebastian Grapă;1972-04-24;1;'8 Brașov, colegiul uninominal nr.1';'';'73';'{}'
Toni Greblă;1953-12-30;1;'20 Gorj, colegiul uninominal nr.2';'Toni Greblă';'74';'{"2008": 1, "2012": 1}'
Viorel Grigoraș;1958-10-05;1;'7 Botoșani, colegiul uninominal nr.3';'';'75';'{}'
Puiu Hașotti;1953-06-14;1;'14 Constanța, colegiul uninominal nr.1';'Puiu Hașotti';'76';'{"2008": 1, "1996": 2, "2000": 2, "2004": 1, "2012": 1}'
Paul Ichim;1955-10-18;1;'18 Galați, colegiul uninominal nr.3';'';'77';'{"2008": 1, "2012": 1}'
Traian Constantin Igaș;1968-09-29;1;'2 Arad, colegiul uninominal nr.3';'Traian Constantin Igaș';'78';'{"2008": 1, "2004": 2, "2012": 1}'
Lucian Iliescu;1946-07-24;1;'19 Giurgiu, colegiul uninominal nr.2';'';'79';'{}'
Sorin Ilieșiu;1955-12-12;1;'34 Sibiu, colegiul uninominal nr.1';'Sorin Ilieșiu';'80';'{}'
Dan Aurel Ioniță;1968-09-25;1;'31 Prahova, colegiul uninominal nr.3';'';'81';'{}'
Ioan Iovescu;1961-08-14;1;'37 Timiș, colegiul uninominal nr.4';'Ioan Iovescu';'82';'{}'
Marius Ovidiu Isăilă;1974-01-02;1;'16 Dâmbovița, colegiul uninominal nr.3';'Marius Ovidiu Isăilă';'83';'{}'
Florina Ruxandra Jipa;1944-06-03;1;'42 București, colegiul uninominal nr.12';'Florina Ruxandra Jipa';'84';'{"2008": 2, "2000": 2, "2004": 2, "2012": 1}'
Klarik Laszlo Attila;1968-05-29;1;'15 Covasna, colegiul uninominal nr.1';'';'85';'{}'
Laszlo Attila;1964-09-20;1;'13 Cluj, colegiul uninominal nr.2';'';'86';'{}'
Sorin Constantin Lazăr;1966-06-11;1;'24 Iași, colegiul uninominal nr.2';'Sorin Constantin Lazăr';'87';'{}'
Dragoș Luchian;1968-03-06;1;'4 Bacău, colegiul uninominal nr.1';'Dragoș Luchian';'88';'{}'
Ion Luchian;1951-01-18;1;'31 Prahova, colegiul uninominal nr.3';'Ion Luchian';'89';'{"2000": 2, "2004": 2, "2012": 1}'
Dan Mihai Marian;1972-11-29;1;'39 Vaslui, colegiul uninominal nr.3';'Dan Mihai Marian';'90';'{"2008": 2, "2004": 2, "2012": 1}'
Valer Marian;1960-08-02;1;'';'Valer Marian';'91';'{"2008": 1, "2012": 1}'
Nicolae Marin;1973-06-27;1;'18 Galați, colegiul uninominal nr.1';'';'92';'{}'
Markó Béla;1951-09-08;1;'28 Mureș, colegiul uninominal nr.2';'';'93';'{"1990": 1, "1992": 1, "1996": 1, "2000": 1, "2004": 1, "2008": 1, "2012": 1}'
Alexandru Mazăre;1972-01-02;1;'14 Constanța, colegiul uninominal nr.3';'Alexandru Mazăre';'94';'{"2008": 1, "2004": 2, "2012": 1}'
Cristian Dănuț Mihai;1959-02-27;1;'9 Brăila, colegiul uninominal nr.2';'';'95';'{}'
Neagu Mihai;1955-12-02;1;'35 Suceava, colegiul uninominal nr.4';'';'96';'{}'
Petru Șerban Mihăilescu;1944-03-08;1;'7 Botoșani, colegiul uninominal nr.2';'Petru Șerban Mihăilescu';'97';'{"2008": 1, "1996": 2, "2000": 2, "2004": 1, "2012": 1}'
Vasilica Steliana Miron;1977-02-18;1;'35 Suceava, colegiul uninominal nr.1';'';'98';'{}'
Augustin Constantin Mitu;1970-01-28;1;'31 Prahova, colegiul uninominal nr.5';'';'99';'{}'
Victor Mocanu;1949-08-28;1;'10 Buzău, colegiul uninominal nr.3';'Victor Mocanu';'100';'{}'
Nicolae Moga;1952-10-25;1;'14 Constanța, colegiul uninominal nr.2';'Nicolae Moga';'101';'{"2008": 1, "2012": 1}'
Nicolae Mohanu;1946-11-02;1;'36 Teleorman, colegiul uninominal nr.1';'';'102';'{}'
Akos-Daniel Mora;1972-07-09;1;'28 Mureș, colegiul uninominal nr.3';'';'103';'{}'
Octavian Motoc;1963-02-11;1;'38 Tulcea, colegiul uninominal nr.1';'';'104';'{}'
Gabriel Mutu;1969-08-24;1;'42 București, colegiul uninominal nr.12';'';'105';'{"2008": 1, "2012": 1}'
Nicolae Nasta;1963-10-12;1;'25 Ilfov, colegiul uninominal nr.2';'';'106';'{}'
Nicolae Neagu;1959-12-06;1;'34 Sibiu, colegiul uninominal nr.3';'Nicolae Neagu';'107';'{}'
Marius Neculoiu;1965-09-21;1;'8 Brașov, colegiul uninominal nr.4';'';'108';'{}'
Marius Petre Nicoară;1958-11-19;1;'13 Cluj, colegiul uninominal nr.3';'Marius Petre Nicoară';'109';'{"2008": 1, "2012": 1}'
Șerban Nicolae;1968-04-05;1;'27 Mehedinți, colegiul uninominal nr.1';'Șerban Nicolae';'110';'{"2004": 1, "2012": 1}'
Vasile Cosmin Nicula;1973-01-25;1;'22 Hunedoara, colegiul uninominal nr.1';'Vasile Cosmin Nicula';'111';'{"2008": 1, "2004": 2, "2012": 1}'
Vasile Nistor;1956-09-08;1;'4 Bacău, colegiul uninominal nr.2';'';'112';'{"1990": 2, "1992": 2, "1996": 2, "2000": 2, "2008": 1, "2012": 1}'
Mihai Niță;1956-01-20;1;'30 Olt, colegiul uninominal nr.2';'';'113';'{"2008": 1, "2012": 1}'
Remus-Daniel Nițu;1970-06-08;1;'40 Vâlcea, colegiul uninominal nr.2';'';'114';'{}'
Marius Lucian Obreja;1960-08-16;1;'15 Covasna, colegiul uninominal nr.2';'';'115';'{}'
Olosz Gergely;1976-09-30;1;'15 Covasna, colegiul uninominal nr.2';'';'116';'{"2008": 2, "2004": 2, "2012": 1}'
Dumitru Oprea;1952-10-10;1;'24 Iași, colegiul uninominal nr.5';'Dumitru Oprea';'117';'{"2008": 1, "2012": 1}'
Gabriel Oprea;1961-01-01;1;'42 București, colegiul uninominal nr.3';'Gabriel Oprea';'118';'{"2008": 2, "2004": 2, "2012": 1}'
Mario-Ovidiu Oprea;1965-06-09;1;'17 Dolj, colegiul uninominal nr.4';'';'119';'{"2008": 1, "2004": 1, "2012": 1}'
Stefan Radu Oprea;1970-06-14;1;'31 Prahova, colegiul uninominal nr.4';'';'120';'{}'
Liviu Titus Pașca;1960-04-01;1;'26 Maramureș, colegiul uninominal nr.1';'Liviu Titus Pașca';'121';'{}'
Emil-Marius Pașcan;1971-11-30;1;'28 Mureș, colegiul uninominal nr.1';'';'122';'{}'
Pataki Csaba;1973-07-19;1;'';'';'123';'{}'
Marian Pavel;1975-03-09;1;'23 Ialomița, colegiul uninominal nr.1';'';'124';'{}'
Dorin Păran;1958-03-08;1;'22 Hunedoara, colegiul uninominal nr.2';'';'125';'{"2008": 1, "2012": 1}'
Teiu Păunescu;1954-05-28;1;'30 Olt, colegiul uninominal nr.2';'Teiu Păunescu';'126';'{}'
Dumitru Pelican;1957-02-25;1;'42 București, colegiul uninominal nr.4';'Dumitru Pelican';'127';'{}'
Alexandru Pereș;1952-12-20;1;'1 Alba, colegiul uninominal nr.2';'';'128';'{"2008": 1, "1996": 2, "2000": 2, "2004": 1, "2012": 1}'
Gheorghe Pop;1959-04-15;1;'33 Sălaj, colegiul uninominal nr.2';'';'129';'{"2008": 1, "2012": 1}'
Liviu-Marian Pop;1974-05-10;1;'26 Maramureș, colegiul uninominal nr.3';'Liviu-Marian Pop';'130';'{}'
Constantin Popa;1962-03-24;1;'10 Buzău, colegiul uninominal nr.3';'Constantin Popa';'131';'{}'
Florian Popa;1946-03-30;1;'42 București, colegiul uninominal nr.10';'';'132';'{"2008": 2, "2012": 1}'
Ion Popa;1967-09-04;1;'3 Argeș, colegiul uninominal nr.1';'';'133';'{}'
Mihaela Popa;1962-04-16;1;'24 Iași, colegiul uninominal nr.4';'Mihaela Popa';'134';'{"2008": 1, "2012": 1}'
Nicolae-Vlad Popa;1950-01-20;1;'8 Brașov, colegiul uninominal nr.3';'Nicolae-Vlad Popa';'135';'{"2000": 1, "2004": 1, "2012": 1}'
Corneliu Popescu;1961-09-08;1;'7 Botoșani, colegiul uninominal nr.2';'Corneliu Popescu';'136';'{}'
Dumitru-Dian Popescu;1968-01-02;1;'20 Gorj, colegiul uninominal nr.1';'Dumitru-Dian Popescu';'137';'{}'
Călin Constantin Anton Popescu-Tăriceanupreședintele Senatului;1952-01-14;1;'42 București, colegiul uninominal nr.2';'';'138';'{"1990": 2, "1996": 2, "2000": 2, "2004": 2, "2008": 2, "2012": 1}'
Ion Simeon Purec;1950-03-15;1;'';'';'139';'{}'
Cristian Rădulescu;1955-11-13;1;'42 București, colegiul uninominal nr.5';'Cristian Rădulescu';'140';'{"1990": 2, "1992": 2, "1996": 2, "2004": 2, "2008": 1, "2012": 1}'
Mihai-Ciprian Rogojan;1977-09-23;1;'26 Maramureș, colegiul uninominal nr.1';'Mihai-Ciprian Rogojan';'141';'{}'
Sorin Ștefan Roșca-Stănescu;1949-09-08;1;'16 Dâmbovița, colegiul uninominal nr.2';'';'142';'{}'
Ion Rotaru;1953-05-17;1;'9 Brăila, colegiul uninominal nr.1';'';'143';'{"2008": 1, "2004": 1, "2012": 1}'
Gheorghe Saghian;1950-06-04;1;'18 Galați, colegiul uninominal nr.2';'';'144';'{"2008": 1, "2012": 1}'
Daniel Savu;1960-12-13;1;'31 Prahova, colegiul uninominal nr.2';'Daniel Savu';'145';'{"2008": 1, "2004": 1, "2012": 1}'
Ilie Sârbu;1950-05-26;1;'37 Timiș, colegiul uninominal nr.4';'Ilie Sârbu';'146';'{"2008": 1, "2004": 1, "2012": 1}'
Iosif Secășan;1954-09-23;1;'';'Iosif Secășan';'147';'{"2008": 1, "2012": 1}'
Georgică Severin;1960-04-22;1;'31 Prahova, colegiul uninominal nr.1';'';'148';'{"2008": 1, "2012": 1}'
Doina Silistru;1958-10-30;1;'39 Vaslui, colegiul uninominal nr.1';'Doina Silistru';'149';'{"2008": 1, "2004": 1, "2012": 1}'
Antonie Solomon;1955-11-18;1;'17 Dolj, colegiul uninominal nr.1';'Antonie Solomon';'150';'{}'
Ștefan Stoica;;1;'23 Ialomița, colegiul uninominal nr.1';'Ștefan Stoica';'151';'{}'
Timotei Stuparu;1951-05-27;1;'36 Teleorman, colegiul uninominal nr.3';'Timotei Stuparu';'152';'{"1990": 2, "2000": 2, "2012": 1}'
Matei Suciu;1968-07-12;1;'37 Timiș, colegiul uninominal nr.3';'';'153';'{}'
Dan Coman Șova;1973-04-09;1;'30 Olt, colegiul uninominal nr.3';'Dan Coman Șova';'154';'{"2008": 1, "2012": 1}'
Tanczos Barna;1976-05-25;1;'21 Harghita, colegiul uninominal nr.1';'';'155';'{}'
Constantin Tămagă;1948-11-21;1;'3 Argeș, colegiul uninominal nr.3';'Constantin Tămagă';'156';'{"2008": 1, "2000": 2, "2004": 2, "2012": 1}'
Dan Tătaru;1969-05-09;1;'4 Bacău, colegiul uninominal nr.3';'';'157';'{}'
Nelu Tătaru;1972-09-30;1;'39 Vaslui, colegiul uninominal nr.3';'';'158';'{}'
Eugen Orlando Teodorovici;1971-08-12;1;'10 Buzău, colegiul uninominal nr.1';'Eugen Orlando Teodorovici';'159';'{}'
Alin Păunel Tișe;1974-09-19;1;'13 Cluj, colegiul uninominal nr.1';'Alin Păunel Tișe';'160';'{}'
Valeriu Todirașcu;1969-09-03;1;'42 București, colegiul uninominal nr.12';'Valeriu Todirașcu';'161';'{}'
Ion Toma;1950-12-01;1;'23 Ialomița, colegiul uninominal nr.2';'Ion Toma';'162';'{"2008": 1, "2004": 1, "2012": 1}'
Ștefan-Liviu Tomoiagă;1966-04-07;1;'12 Călărași, colegiul uninominal nr.1';'';'163';'{}'
Doina-Anca Tudor;1960-03-15;1;'10 Buzău, colegiul uninominal nr.2';'';'164';'{}'
Nazare Eugen Țapu;1962-12-24;1;'29 Neamț, colegiul uninominal nr.1';'';'165';'{}'
Mihai Răzvan Ungureanu;1968-09-22;1;'2 Arad, colegiul uninominal nr.1';'Mihai Răzvan Ungureanu';'166';'{}'
Șerban Constantin Valeca;1956-06-23;1;'3 Argeș, colegiul uninominal nr.2';'Șerban Constantin Valeca';'167';'{"2008": 1, "1996": 2, "2012": 1}'
Marian Vasiliev;1970-02-20;1;'14 Constanța, colegiul uninominal nr.2';'';'168';'{}'
Darius Bogdan Vâlcov;1977-03-25;1;'30 Olt, colegiul uninominal nr.1';'Darius Bogdan Vâlcov';'169';'{}'
Vegh Alexandru;1964-10-30;1;'33 Sălaj, colegiul uninominal nr.1';'';'170';'{}'
Verestóy Attila;1954-03-01;1;'21 Harghita, colegiul uninominal nr.2';'';'171';'{"1990": 1, "1992": 1, "1996": 1, "2000": 1, "2004": 1, "2008": 1, "2012": 1}'
Haralambie Vochițoiu;1970-03-02;1;'22 Hunedoara, colegiul uninominal nr.1';'';'172';'{}'
Dan Voiculescu;1946-09-25;1;'42 București, colegiul uninominal nr.8';'Dan Voiculescu';'173';'{"2008": 1, "2004": 1, "2012": 1}'
Florea Voinea;1956-04-19;1;'17 Dolj, colegiul uninominal nr.3';'Florea Voinea';'174';'{"2000": 2, "2004": 2, "2012": 1}'
Varujan Vosganian;1958-07-25;1;'24 Iași, colegiul uninominal nr.1';'Varujan Vosganian';'175';'{"1990": 2, "1992": 2, "1996": 1, "2004": 1, "2008": 1, "2012": 1}'
Ionuț-Elie Zisu;1964-07-20;1;'3 Argeș, colegiul uninominal nr.4';'';'176';'{}'
Ilie Năstase;1946-07-19;1;'42 București, colegiul uninominal nr.8';'Ilie Năstase';'177';'{}'
Alfred-Laurentiu-Antonio Mihai;1981-05-18;1;'42 București, colegiul uninominal nr.7';'';'178';'{}'
Mihnea Cosmin Costoiu;1972-03-02;1;'20 Gorj, colegiul uninominal nr.2';'';'179';'{}'
Ioan Adam;1952-12-01;2;'8 Brașov, colegiul uninominal nr.6';'Ioan Adam';'1';'{"2004": 2, "2012": 2}'
Luminița-Pachel Adam;1966-02-22;2;'30 Olt, colegiul uninominal nr.7';'Luminița-Pachel Adam';'2';'{}'
Constantin Adăscăliței;1967-09-18;2;'24 Iași, colegiul uninominal nr.3';'Constantin Adăscăliței';'3';'{}'
Costel Alexe;1983-08-20;2;'24 Iași, colegiul uninominal nr.7';'Costel Alexe';'4';'{}'
Florin-Alexandru Alexe;1979-08-30;2;'42 București, colegiul uninominal nr.10';'Florin-Alexandru Alexe';'5';'{}'
Marin Almăjanu;1960-06-30;2;'36 Teleorman, colegiul uninominal nr.6';'Marin Almăjanu';'6';'{"2008": 2, "2004": 2, "2012": 2}'
Varol Amet;1972-12-09;2;'';'Varol Amet';'7';'{}'
Roberta Alma Anastase;1976-03-27;2;'31 Prahova, colegiul uninominal nr.11';'Roberta Alma Anastase';'8';'{"2008": 2, "2004": 2, "2012": 2}'
Petru Andea;1949-11-28;2;'37 Timiș, colegiul uninominal nr.8';'Petru Andea';'9';'{"2000": 2, "2004": 2, "2012": 2}'
Gabriel Andronache;1974-09-22;2;'8 Brașov, colegiul uninominal nr.5';'';'10';'{"2008": 2, "2012": 2}'
Gabriela-Lola Anghel;1973-04-16;2;'31 Prahova, colegiul uninominal nr.10';'Gabriela-Lola Anghel';'11';'{}'
Antal István;1948-06-23;2;'21 Harghita, colegiul uninominal nr.3';'';'12';'{"1992": 2, "1996": 2, "2000": 2, "2004": 2, "2008": 2, "2012": 2}'
Marin Anton;1960-05-08;2;'19 Giurgiu, colegiul uninominal nr.2';'Marin Anton';'13';'{"2000": 2, "2012": 2}'
Roxana-Florentina Anușca;1976-04-14;2;'7 Botoșani, colegiul uninominal nr.3';'Roxana-Florentina Anușca';'14';'{}'
Sanda-Maria Ardeleanu;1954-08-10;2;'35 Suceava, colegiul uninominal nr.1';'';'15';'{"2008": 2, "2012": 2}'
Ionel Arsene;1972-09-11;2;'29 Neamț, colegiul uninominal nr.7';'Ionel Arsene';'16';'{}'
Constantin Avram;1954-06-10;2;'4 Bacău, colegiul uninominal nr.6';'Constantin Avram';'17';'{}'
Marian Avram;1967-08-14;2;'38 Tulcea, colegiul uninominal nr.2';'';'18';'{"2008": 2, "2012": 2}'
Ioan Axente;1956-11-04;2;'34 Sibiu, colegiul uninominal nr.4';'Ioan Axente';'19';'{}'
Radu Babuș;1978-11-18;2;'14 Constanța, colegiul uninominal nr.4';'Radu Babuș';'20';'{}'
Ioan Balan;1967-01-22;2;'35 Suceava, colegiul uninominal nr.2';'';'21';'{"2008": 2, "2012": 2}'
Mihai Baltă;1948-10-04;2;'7 Botoșani, colegiul uninominal nr.5';'Mihai Baltă';'22';'{"2000": 2, "2012": 2}'
Ștefan-Alexandru Băișanu;1968-01-03;2;'35 Suceava, colegiul uninominal nr.1';'Ștefan-Alexandru Băișanu';'23';'{}'
Ion Bălan;1954-04-19;2;'38 Tulcea, colegiul uninominal nr.4';'Ion Bălan';'24';'{}'
Nicolae Bănicioiu;1979-03-26;2;'42 București, colegiul uninominal nr.18';'Nicolae Bănicioiu';'25';'{"2008": 2, "2004": 2, "2012": 2}'
Daniel-Ionuț Bărbulescu;1981-08-17;2;'30 Olt, colegiul uninominal nr.2';'';'26';'{"2008": 2, "2012": 2}'
George Becali;1958-06-25;2;'42 București, colegiul uninominal nr.25';'George Becali';'27';'{}'
Eugen Bejinariu;1959-01-28;2;'35 Suceava, colegiul uninominal nr.8';'Eugen Bejinariu';'28';'{"2008": 2, "2004": 2, "2012": 2}'
Ioan Benga;1954-09-03;2;'';'Ioan Benga';'29';'{}'
Vasile Berci;1946-02-16;2;'26 Maramureș, colegiul uninominal nr.7';'Vasile Berci';'30';'{"2008": 2, "1996": 2, "2012": 2}'
Ana Birchall;1973-08-30;2;'39 Vaslui, colegiul uninominal nr.5';'Ana Birchall';'31';'{}'
Viorel-Ionel Blăjuț;1973-05-13;2;'24 Iași, colegiul uninominal nr.12';'Viorel-Ionel Blăjuț';'32';'{}'
Valentin Blănariu;1967-05-26;2;'';'Valentin Blănariu';'33';'{}'
Vasile Bleotu;1954-04-02;2;'40 Vâlcea, colegiul uninominal nr.4';'Vasile Bleotu';'34';'{"2008": 2, "2000": 2, "2004": 2, "2012": 2}'
Valentin Gabriel Boboc;1966-03-24;2;'36 Teleorman, colegiul uninominal nr.4';'Valentin Gabriel Boboc';'35';'{}'
Lucian Nicolae Bode;1974-10-27;2;'33 Sălaj, colegiul uninominal nr.1';'';'36';'{"2008": 2, "2012": 2}'
Gheorghe-Dănuț Bogdan;1968-07-21;2;'5 Bihor, colegiul uninominal nr.5';'Gheorghe-Dănuț Bogdan';'37';'{}'
Camelia-Margareta Bogdănici;1959-04-12;2;'24 Iași, colegiul uninominal nr.8';'Camelia-Margareta Bogdănici';'38';'{}'
Claudia Boghicevici;1975-10-11;2;'2 Arad, colegiul uninominal nr.2';'Claudia Boghicevici';'39';'{"2008": 2, "2012": 2}'
Bónis István;1951-05-01;2;'26 Maramureș, colegiul uninominal nr.1';'';'40';'{"2004": 2, "2012": 2}'
Borbély László;1954-03-26;2;'28 Mureș, colegiul uninominal nr.5';'';'41';'{"1990": 2, "1992": 2, "2000": 2, "2004": 2, "2008": 2, "2012": 2}'
Dan Bordeianu;1967-05-09;2;'39 Vaslui, colegiul uninominal nr.2';'Dan Bordeianu';'42';'{"2008": 2, "2012": 2}'
Octavian Bot;;2;'42 București, colegiul uninominal nr.8';'Octavian Bot';'43';'{"1992": 2, "2008": 2, "1996": 2, "2012": 2}'
Constantin-Alin Bucur;1980-12-11;2;'36 Teleorman, colegiul uninominal nr.3';'Constantin-Alin Bucur';'44';'{}'
Simona Bucura-Oprescu;1980-04-02;2;'3 Argeș, colegiul uninominal nr.3';'Simona Bucura-Oprescu';'45';'{}'
Daniel-Stamate Budurescu;1950-10-21;2;'42 București, colegiul uninominal nr.9';'';'46';'{"2008": 2, "2012": 2}'
Cristian Buican;1966-09-16;2;'40 Vâlcea, colegiul uninominal nr.5';'';'47';'{"2008": 2, "2012": 2}'
Corneliu-Florin Buicu;1970-11-22;2;'28 Mureș, colegiul uninominal nr.2';'Corneliu-Florin Buicu';'48';'{}'
Ștefan Burlacu;1967-07-29;2;'25 Ilfov, colegiul uninominal nr.3';'Ștefan Burlacu';'49';'{}'
Mihăiță Calimente;1952-09-22;2;'2 Arad, colegiul uninominal nr.4';'Mihăiță Calimente';'50';'{"2008": 2, "1996": 2, "2004": 2, "2012": 2}'
Mario-Ernest Caloianu;1975-11-09;2;'23 Ialomița, colegiul uninominal nr.1';'Mario-Ernest Caloianu';'51';'{}'
Florică Ică Calotă;1964-04-25;2;'36 Teleorman, colegiul uninominal nr.5';'Florică Ică Calotă';'52';'{}'
Costică Canacheu;1958-10-15;2;'42 București, colegiul uninominal nr.4';'Costică Canacheu';'53';'{"1990": 2, "2008": 2, "2000": 2, "2004": 2, "2012": 2}'
Mircea-Vasile Cazan;1962-06-01;2;'34 Sibiu, colegiul uninominal nr.6';'';'54';'{"2008": 2, "2012": 2}'
Ion Călin;1951-04-21;2;'17 Dolj, colegiul uninominal nr.10';'Ion Călin';'55';'{"2008": 2, "2004": 2, "2012": 2}'
Dorel-Gheorghe Căprar;1974-08-06;2;'2 Arad, colegiul uninominal nr.6';'Dorel-Gheorghe Căprar';'56';'{}'
Steluța-Gustica Cătăniciu;1963-02-19;2;'13 Cluj, colegiul uninominal nr.2';'';'57';'{}'
Remus-Florinel Cernea;1974-06-25;2;'14 Constanța, colegiul uninominal nr.9';'Remus-Florinel Cernea';'58';'{}'
Eugen Chebac;1951-07-22;2;'18 Galați, colegiul uninominal nr.3';'Eugen Chebac';'59';'{}'
Florica Cherecheș;1960-01-31;2;'5 Bihor, colegiul uninominal nr.9';'Florica Cherecheș';'60';'{}'
Dumitru Chiriță;1963-04-07;2;'42 București, colegiul uninominal nr.20';'Dumitru Chiriță';'61';'{"2008": 2, "2000": 2, "2012": 2}'
Ioan-Cristian Chirteș;1972-02-09;2;'28 Mureș, colegiul uninominal nr.7';'Ioan-Cristian Chirteș';'62';'{}'
Laurențiu Chirvăsuță;1965-01-05;2;'18 Galați, colegiul uninominal nr.2';'';'63';'{"2008": 1, "2012": 2}'
Daniel Chițoiu;1967-07-11;2;'19 Giurgiu, colegiul uninominal nr.4';'Daniel Chițoiu';'64';'{"2008": 2, "2012": 2}'
Cezar Cioată;1976-10-12;2;'35 Suceava, colegiul uninominal nr.9';'Cezar Cioată';'65';'{}'
Gheorghe Ciobanu;;2;'37 Timiș, colegiul uninominal nr.10';'';'66';'{"2008": 2, "2012": 2}'
Liliana Ciobanu;1969-04-17;2;'19 Giurgiu, colegiul uninominal nr.3';'Liliana Ciobanu';'67';'{}'
Dan Ciocan;1960-02-15;2;'30 Olt, colegiul uninominal nr.5';'Dan Ciocan';'68';'{}'
Tamara-Dorina Ciofu;1957-12-30;2;'7 Botoșani, colegiul uninominal nr.6';'Tamara-Dorina Ciofu';'69';'{}'
Ion-Marcel Ciolacu;1967-11-28;2;'10 Buzău, colegiul uninominal nr.7';'';'70';'{}'
Lucian-Manuel Ciubotaru;1969-06-17;2;'4 Bacău, colegiul uninominal nr.3';'Lucian-Manuel Ciubotaru';'71';'{}'
Liviu-Bogdan Ciucă;1968-10-13;2;'18 Galați, colegiul uninominal nr.8';'Liviu-Bogdan Ciucă';'72';'{"2008": 2, "2004": 2, "2012": 2}'
Tudor Ciuhodaru;1969-01-16;2;'39 Vaslui, colegiul uninominal nr.4';'Tudor Ciuhodaru';'73';'{"2008": 2, "2012": 2}'
Florin Ciurariu;1971-04-03;2;'39 Vaslui, colegiul uninominal nr.3';'Florin Ciurariu';'74';'{}'
Erland Cocei;1970-03-13;2;'10 Buzău, colegiul uninominal nr.4';'Erland Cocei';'75';'{}'
Liviu Codîrlă;1968-01-25;2;'38 Tulcea, colegiul uninominal nr.2';'';'76';'{"2004": 2, "2012": 2}'
Gheorghe Coman;1969-05-05;2;'10 Buzău, colegiul uninominal nr.5';'Gheorghe Coman';'77';'{}'
Cornel-George Comșa;1977-05-05;2;'1 Alba, colegiul uninominal nr.4';'Cornel-George Comșa';'78';'{}'
Andrei-Răzvan Condurățeanu;1970-07-11;2;'14 Constanța, colegiul uninominal nr.3';'Andrei-Răzvan Condurățeanu';'79';'{}'
Daniel Constantin;1978-06-26;2;'3 Argeș, colegiul uninominal nr.7';'Daniel Constantin';'80';'{}'
Vlad-Alexandru Cosma;1983-02-08;2;'31 Prahova, colegiul uninominal nr.8';'Vlad-Alexandru Cosma';'81';'{}'
Gheorghe Costin;1954-08-08;2;'5 Bihor, colegiul uninominal nr.4';'Gheorghe Costin';'82';'{}'
Dorel Covaci;1950-09-20;2;'37 Timiș, colegiul uninominal nr.9';'';'83';'{"2008": 2, "2012": 2}'
Corneliu-Mugurel Cozmanciuc;1978-05-09;2;'24 Iași, colegiul uninominal nr.1';'Corneliu-Mugurel Cozmanciuc';'84';'{}'
Grigore Crăciunescu;1948-09-30;2;'24 Iași, colegiul uninominal nr.11';'Grigore Crăciunescu';'85';'{"2004": 2, "2012": 2}'
Aurelia Cristea;1968-04-24;2;'13 Cluj, colegiul uninominal nr.3';'Aurelia Cristea';'86';'{}'
Victor Cristea;1949-07-01;2;'39 Vaslui, colegiul uninominal nr.1';'Victor Cristea';'87';'{"2008": 2, "2012": 2}'
Horia Cristian;1963-08-31;2;'37 Timiș, colegiul uninominal nr.1';'';'88';'{"2008": 2, "2012": 2}'
Cseke Attila-Zoltán;1973-06-09;2;'5 Bihor, colegiul uninominal nr.1';'';'89';'{"2008": 1, "2012": 2}'
Dănuț Culețu;1955-09-16;2;'14 Constanța, colegiul uninominal nr.9';'Dănuț Culețu';'90';'{}'
Ion Cupă;1968-08-17;2;'20 Gorj, colegiul uninominal nr.1';'Ion Cupă';'91';'{}'
Ioan Cupșa;1965-09-25;2;'5 Bihor, colegiul uninominal nr.8';'Ioan Cupșa';'92';'{}'
Petre Daea;1949-11-02;2;'27 Mehedinți, colegiul uninominal nr.2';'Petre Daea';'93';'{"2008": 1, "2004": 1, "2012": 2}'
Ștefan-Petru Dalca;1969-09-11;2;'2 Arad, colegiul uninominal nr.7';'Ștefan-Petru Dalca';'94';'{}'
Constantin Dascălu;1950-03-23;2;'17 Dolj, colegiul uninominal nr.2';'';'95';'{"2008": 2, "2012": 2}'
Mihai Deaconu;1960-05-16;2;'3 Argeș, colegiul uninominal nr.3';'Mihai Deaconu';'96';'{}'
Virgil Delureanu;1963-05-30;2;'30 Olt, colegiul uninominal nr.4';'Virgil Delureanu';'97';'{"2000": 2, "2012": 2}'
Adrian-Nicolae Diaconu;1966-11-26;2;'37 Timiș, colegiul uninominal nr.8';'Adrian-Nicolae Diaconu';'98';'{}'
Mihai-Bogdan Diaconu;1979-10-09;2;'42 București, colegiul uninominal nr.17';'Mihai-Bogdan Diaconu';'99';'{}'
Toader Dima;1951-02-25;2;'39 Vaslui, colegiul uninominal nr.6';'Toader Dima';'100';'{}'
Ion Diniță;1962-03-16;2;'8 Brașov, colegiul uninominal nr.7';'Ion Diniță';'101';'{}'
Ioan Dîrzu;1967-02-01;2;'1 Alba, colegiul uninominal nr.5';'Ioan Dîrzu';'102';'{}'
Anton Doboș;1961-05-19;2;'24 Iași, colegiul uninominal nr.12';'Anton Doboș';'103';'{}'
Mircea-Titus Dobre;1978-12-20;2;'14 Constanța, colegiul uninominal nr.7';'Mircea-Titus Dobre';'104';'{}'
Victor Paul Dobre;1952-02-11;2;'18 Galați, colegiul uninominal nr.1';'Victor Paul Dobre';'105';'{"2008": 2, "2000": 2, "2012": 2}'
Traian Dobrinescu;1949-05-23;2;'40 Vâlcea, colegiul uninominal nr.1';'Traian Dobrinescu';'106';'{}'
Mircea Dolha;1969-05-24;2;'26 Maramureș, colegiul uninominal nr.1';'Mircea Dolha';'107';'{}'
Nechita-Stelian Dolha;1970-04-19;2;'';'Nechita-Stelian Dolha';'108';'{}'
Andrei Dolineaschi;1975-06-21;2;'7 Botoșani, colegiul uninominal nr.2';'Andrei Dolineaschi';'109';'{"2008": 2, "2012": 2}'
Mihai-Aurel Donțu;1973-03-12;2;'8 Brașov, colegiul uninominal nr.3';'';'110';'{"2008": 2, "2012": 2}'
Nicolae-Liviu Dragnea;1962-10-28;2;'36 Teleorman, colegiul uninominal nr.3';'Nicolae-Liviu Dragnea';'111';'{}'
Gheorghe Dragomir;1963-01-12;2;'14 Constanța, colegiul uninominal nr.1';'Gheorghe Dragomir';'112';'{"2008": 2, "2004": 2, "2012": 2}'
Maria Dragomir;1957-09-02;2;'12 Călărași, colegiul uninominal nr.1';'Maria Dragomir';'113';'{}'
Viorel Marian Dragomir;1975-06-16;2;'9 Brăila, colegiul uninominal nr.3';'Viorel Marian Dragomir';'114';'{}'
Mircea-Gheorghe Drăghici;1966-04-08;2;'3 Argeș, colegiul uninominal nr.2';'';'115';'{"2008": 2, "2012": 2}'
Sonia-Maria Drăghici;1956-07-25;2;'5 Bihor, colegiul uninominal nr.7';'';'116';'{"2008": 2, "2012": 2}'
Vasile-Cătălin Drăgușanu;1979-06-05;2;'29 Neamț, colegiul uninominal nr.1';'Vasile-Cătălin Drăgușanu';'117';'{}'
Paul Dumbrăvanu;1979-10-02;2;'31 Prahova, colegiul uninominal nr.11';'Paul Dumbrăvanu';'118';'{}'
Ileana Cristina Dumitrache;1982-12-01;2;'14 Constanța, colegiul uninominal nr.3';'';'119';'{"2008": 2, "2012": 2}'
Georgică Dumitru;1964-03-31;2;'16 Dâmbovița, colegiul uninominal nr.6';'';'120';'{"2008": 2, "2012": 2}'
Ioana-Jenica Dumitru;1970-08-01;2;'3 Argeș, colegiul uninominal nr.6';'Ioana-Jenica Dumitru';'121';'{}'
Ovidiu-Ioan Dumitru;1980-10-29;2;'42 București, colegiul uninominal nr.6';'Ovidiu-Ioan Dumitru';'122';'{}'
Mircea Dușa;1955-04-01;2;'21 Harghita, colegiul uninominal nr.5';'Mircea Dușa';'123';'{"2008": 2, "2004": 2, "2012": 2}'
Gheorghe Emacu;1958-10-13;2;'24 Iași, colegiul uninominal nr.8';'Gheorghe Emacu';'124';'{}'
Marian Enache;1954-05-05;2;'29 Neamț, colegiul uninominal nr.8';'Marian Enache';'125';'{"1990": 2, "1996": 2, "2012": 2}'
Constantin-Cosmin Enea;1979-10-14;2;'17 Dolj, colegiul uninominal nr.1';'Constantin-Cosmin Enea';'126';'{}'
Ion Eparu;1952-06-06;2;'31 Prahova, colegiul uninominal nr.10';'Ion Eparu';'127';'{}'
Erdei Dolóczki István;1955-05-01;2;'';'';'128';'{"2008": 2, "2000": 2, "2004": 2, "2012": 2}'
Fejér László-Ődőn;1961-11-11;2;'15 Covasna, colegiul uninominal nr.3';'Fejér László-Ődőn';'129';'{}'
Cătălin-Daniel Fenechiu;1969-11-20;2;'42 București, colegiul uninominal nr.19';'Cătălin-Daniel Fenechiu';'130';'{}'
Relu Fenechiu;1965-07-03;2;'24 Iași, colegiul uninominal nr.2';'Relu Fenechiu';'131';'{"2008": 2, "2004": 2, "2012": 2}'
Gheorghe Firczak;1955-06-10;2;'';'Gheorghe Firczak';'132';'{"2008": 2, "2000": 2, "2004": 2, "2012": 2}'
Damian Florea;1965-07-12;2;'42 București, colegiul uninominal nr.27';'Damian Florea';'133';'{"2008": 2, "2004": 2, "2012": 2}'
Daniel Florea;1972-09-19;2;'12 Călărași, colegiul uninominal nr.1';'Daniel Florea';'134';'{}'
Nuțu Fonta;1963-08-27;2;'26 Maramureș, colegiul uninominal nr.5';'Nuțu Fonta';'135';'{}'
Gheorghe Frăticiu;1958-12-06;2;'34 Sibiu, colegiul uninominal nr.5';'Gheorghe Frăticiu';'136';'{}'
Constantin Galan;1956-12-17;2;'35 Suceava, colegiul uninominal nr.6';'Constantin Galan';'137';'{}'
Ovidiu Victor Ganț;1966-08-18;2;'';'Ovidiu Victor Ganț';'138';'{"2008": 2, "2004": 2, "2012": 2}'
Grațiela Leocadia Gavrilescu;1966-06-24;2;'31 Prahova, colegiul uninominal nr.3';'';'139';'{"2008": 2, "2004": 2, "2012": 2}'
Mihăiță Găină;1961-09-17;2;'23 Ialomița, colegiul uninominal nr.3';'';'140';'{"2008": 1, "2012": 2}'
Florian Daniel Geantă;1969-08-24;2;'42 București, colegiul uninominal nr.24';'';'141';'{"2008": 2, "2012": 2}'
Andrei Dominic Gerea;1968-09-08;2;'3 Argeș, colegiul uninominal nr.8';'Andrei Dominic Gerea';'142';'{"2008": 2, "2004": 2, "2012": 2}'
Florin Gheorghe;1978-12-15;2;'14 Constanța, colegiul uninominal nr.10';'Florin Gheorghe';'143';'{}'
Tinel Gheorghe;1964-01-22;2;'23 Ialomița, colegiul uninominal nr.4';'';'144';'{"2008": 2, "2012": 2}'
Giureci-Slobodan Ghera;1979-04-15;2;'';'Giureci-Slobodan Ghera';'145';'{}'
Sebastian-Aurelian Ghiță;1978-11-10;2;'31 Prahova, colegiul uninominal nr.4';'Sebastian-Aurelian Ghiță';'146';'{}'
Marian Ghiveciu;1969-04-15;2;'10 Buzău, colegiul uninominal nr.5';'Marian Ghiveciu';'147';'{"2008": 2, "2012": 2}'
Dumitru-Verginel Gireadă;1968-10-03;2;'7 Botoșani, colegiul uninominal nr.1';'Dumitru-Verginel Gireadă';'148';'{}'
Dinu Giurescu;1927-02-15;2;'42 București, colegiul uninominal nr.19';'Dinu Giurescu';'149';'{}'
Vasile Ghiorghe Gliga;1959-04-03;2;'28 Mureș, colegiul uninominal nr.8';'Vasile Ghiorghe Gliga';'150';'{"2008": 2, "2012": 2}'
Alina-Ștefania Gorghiu;1978-09-16;2;'42 București, colegiul uninominal nr.22';'Alina-Ștefania Gorghiu';'151';'{"2008": 2, "2012": 2}'
Horia Grama;1962-02-28;2;'15 Covasna, colegiul uninominal nr.4';'';'152';'{"2008": 2, "2012": 2}'
Maria Grapini;1954-11-07;2;'37 Timiș, colegiul uninominal nr.3';'Maria Grapini';'153';'{}'
Maria Grecea;1974-02-27;2;'8 Brașov, colegiul uninominal nr.3';'Maria Grecea';'154';'{}'
Sorin Mihai Grindeanu;1973-12-05;2;'37 Timiș, colegiul uninominal nr.2';'Sorin Mihai Grindeanu';'155';'{}'
Mircea Grosaru;;2;'';'Mircea Grosaru';'156';'{"2008": 2, "2004": 2, "2012": 2}'
Vasile Gudu;1954-03-04;2;'38 Tulcea, colegiul uninominal nr.1';'Vasile Gudu';'157';'{}'
Dragoș-Ionel Gunia;1977-07-19;2;'31 Prahova, colegiul uninominal nr.6';'Dragoș-Ionel Gunia';'158';'{}'
Virgil Guran;1965-05-12;2;'31 Prahova, colegiul uninominal nr.2';'Virgil Guran';'159';'{}'
Adrian Gurzău;1977-04-20;2;'13 Cluj, colegiul uninominal nr.4';'Adrian Gurzău';'160';'{"2008": 2, "2000": 2, "2012": 2}'
Florentin Gust Băloșin;1979-04-15;2;'17 Dolj, colegiul uninominal nr.4';'';'161';'{"2008": 2, "2012": 2}'
Slavomir Gvozdenovici;1953-03-10;2;'';'Slavomir Gvozdenovici';'162';'{"1992": 2, "2000": 2, "1996": 2, "2004": 2, "2012": 2}'
Liviu Harbuz;1962-06-18;2;'29 Neamț, colegiul uninominal nr.3';'Liviu Harbuz';'163';'{}'
Eleonora-Carmen Hărău;1960-11-04;2;'22 Hunedoara, colegiul uninominal nr.7';'Eleonora-Carmen Hărău';'164';'{}'
Eduard Raul Hellvig;1974-10-27;2;'25 Ilfov, colegiul uninominal nr.4';'Eduard Raul Hellvig';'165';'{"2004": 2, "2012": 2}'
Titi Holban;1964-11-10;2;'10 Buzău, colegiul uninominal nr.3';'';'166';'{"2008": 2, "2012": 2}'
Vasile Horga;1954-03-03;2;'16 Dâmbovița, colegiul uninominal nr.1';'Vasile Horga';'167';'{"2000": 1, "2012": 2}'
Viorel Hrebenciuc;1953-08-07;2;'4 Bacău, colegiul uninominal nr.9';'Viorel Hrebenciuc';'168';'{"2008": 2, "1996": 2, "2000": 2, "2004": 2, "2012": 2}'
Ioan Hulea;1957-08-13;2;'5 Bihor, colegiul uninominal nr.3';'Ioan Hulea';'169';'{}'
Monica Maria Iacob Ridzi;1977-06-30;2;'22 Hunedoara, colegiul uninominal nr.5';'Monica Maria Iacob Ridzi';'170';'{"2008": 2, "2004": 2, "2012": 2}'
Sorin-Avram Iacoban;1969-10-15;2;'24 Iași, colegiul uninominal nr.10';'Sorin-Avram Iacoban';'171';'{}'
Gheorghe Ialomițianu;1959-09-14;2;'8 Brașov, colegiul uninominal nr.8';'Gheorghe Ialomițianu';'172';'{"2008": 2, "2012": 2}'
Iulian Iancu;1960-10-06;2;'4 Bacău, colegiul uninominal nr.8';'Iulian Iancu';'173';'{"2008": 2, "2004": 2, "2012": 2}'
Daniel Iane;1967-06-20;2;'17 Dolj, colegiul uninominal nr.8';'Daniel Iane';'174';'{}'
Ovidiu-Cristian Iane;1970-10-12;2;'35 Suceava, colegiul uninominal nr.7';'Ovidiu-Cristian Iane';'175';'{}'
Iusein Ibram;1953-07-06;2;'';'Iusein Ibram';'176';'{"2008": 2, "2004": 2, "2012": 2}'
Miron Ignat;1941-08-24;2;'';'Miron Ignat';'177';'{"2008": 2, "2000": 2, "2004": 2, "2012": 2}'
Vasile Iliuță;1968-05-04;2;'12 Călărași, colegiul uninominal nr.2';'Vasile Iliuță';'178';'{}'
Natalia-Elena Intotero;1976-01-14;2;'22 Hunedoara, colegiul uninominal nr.2';'Natalia-Elena Intotero';'179';'{}'
Aurelian Ionescu;1977-10-17;2;'23 Ialomița, colegiul uninominal nr.4';'Aurelian Ionescu';'180';'{}'
George Ionescu;1968-03-31;2;'31 Prahova, colegiul uninominal nr.9';'';'181';'{"2008": 2, "2012": 2}'
Florin Iordache;1960-12-14;2;'30 Olt, colegiul uninominal nr.3';'';'182';'{"2008": 2, "2000": 2, "2004": 2, "2012": 2}'
Vicențiu-Mircea Irimie;1967-06-21;2;'13 Cluj, colegiul uninominal nr.8';'Vicențiu-Mircea Irimie';'183';'{}'
Scarlat Iriza;1955-09-03;2;'20 Gorj, colegiul uninominal nr.3';'Scarlat Iriza';'184';'{"2000": 2, "2012": 2}'
Raluca-Cristina Ispir;1978-12-22;2;'42 București, colegiul uninominal nr.12';'Raluca-Cristina Ispir';'185';'{}'
Cornel Itu;1955-10-17;2;'13 Cluj, colegiul uninominal nr.6';'Cornel Itu';'186';'{"2008": 2, "2012": 2}'
Kelemen Atilla-Béla-László;1948-05-04;2;'28 Mureș, colegiul uninominal nr.3';'';'187';'{"2008": 2, "1996": 2, "2000": 2, "2004": 2, "2012": 2}'
Kelemen Hunor;1967-10-18;2;'21 Harghita, colegiul uninominal nr.2';'Kelemen Hunor';'188';'{"2008": 2, "2000": 2, "2004": 2, "2012": 2}'
Kerekes Károly;1947-12-14;2;'28 Mureș, colegiul uninominal nr.1';'';'189';'{"1990": 2, "1992": 2, "1996": 2, "2000": 2, "2004": 2, "2008": 2, "2012": 2}'
Kereskényi Gábor;1980-01-29;2;'';'Kereskényi Gábor';'190';'{}'
Camelia Khraibani;1961-09-23;2;'20 Gorj, colegiul uninominal nr.4';'Camelia Khraibani';'191';'{}'
Korodi Attila;1977-06-23;2;'21 Harghita, colegiul uninominal nr.1';'Korodi Attila';'192';'{"2008": 2, "2012": 2}'
Liviu Laza-Matiuța;1964-06-10;2;'5 Bihor, colegiul uninominal nr.4';'Liviu Laza-Matiuța';'193';'{}'
Ghervazen Longher;1972-01-03;2;'';'Ghervazen Longher';'194';'{"2008": 2, "2000": 2, "2004": 2, "2012": 2}'
Mircea Lubanovici;1958-07-20;2;'43 Diaspora, colegiul uninominal nr.3';'Mircea Lubanovici';'195';'{"2008": 2, "2012": 2}'
Mihai Lupu;1962-10-26;2;'14 Constanța, colegiul uninominal nr.2';'Mihai Lupu';'196';'{"2008": 2, "2012": 2}'
Mircea Man;1962-11-26;2;'26 Maramureș, colegiul uninominal nr.4';'Mircea Man';'197';'{"1990": 2, "2000": 2, "1992": 2, "2004": 2, "2012": 2}'
Iulian Claudiu Manda;1975-12-20;2;'17 Dolj, colegiul uninominal nr.6';'Iulian Claudiu Manda';'198';'{"2008": 2, "2004": 2, "2012": 2}'
Victor-Gheorghe Manea;1967-09-01;2;'14 Constanța, colegiul uninominal nr.5';'Victor-Gheorghe Manea';'199';'{}'
Marius Manolache;1968-05-05;2;'27 Mehedinți, colegiul uninominal nr.4';'Marius Manolache';'200';'{}'
Oana Manolescu;1941-05-26;2;'';'Oana Manolescu';'201';'{"2008": 2, "1996": 2, "2000": 2, "2004": 2, "2012": 2}'
Vlad Marcoci;1968-02-01;2;'29 Neamț, colegiul uninominal nr.2';'Vlad Marcoci';'202';'{}'
Nicu Marcu;1968-11-21;2;'4 Bacău, colegiul uninominal nr.1';'Nicu Marcu';'203';'{}'
Viorica Marcu;1955-08-20;2;'4 Bacău, colegiul uninominal nr.5';'Viorica Marcu';'204';'{}'
Ion Cristinel Marian;1968-12-02;2;'40 Vâlcea, colegiul uninominal nr.4';'Ion Cristinel Marian';'205';'{}'
Gheorghe Marin;1952-10-01;2;'3 Argeș, colegiul uninominal nr.1';'Gheorghe Marin';'206';'{"2000": 2, "1996": 2, "2012": 2}'
Markó Attila-Gabor;1968-09-27;2;'15 Covasna, colegiul uninominal nr.1';'Markó Attila-Gabor';'207';'{}'
Ion Marocico;1974-12-20;2;'';'Ion Marocico';'208';'{}'
Eduard-Stelian Martin;1973-12-13;2;'14 Constanța, colegiul uninominal nr.6';'Eduard-Stelian Martin';'209';'{"2008": 2, "2004": 2, "2012": 2}'
Márton Árpád-Francisc;1955-03-25;2;'15 Covasna, colegiul uninominal nr.2';'';'210';'{"1990": 2, "1992": 2, "1996": 2, "2000": 2, "2004": 2, "2008": 2, "2012": 2}'
Máté András-Levente;1974-01-26;2;'13 Cluj, colegiul uninominal nr.10';'';'211';'{"2008": 2, "2004": 2, "2012": 2}'
Călin-Vasile-Andrei Matei;1966-04-07;2;'26 Maramureș, colegiul uninominal nr.3';'Călin-Vasile-Andrei Matei';'212';'{}'
Constantin Mazilu;1966-01-30;2;'40 Vâlcea, colegiul uninominal nr.3';'Constantin Mazilu';'213';'{"2008": 2, "2012": 2}'
Flavius-Luigi Măduța;1971-02-24;2;'2 Arad, colegiul uninominal nr.1';'Flavius-Luigi Măduța';'214';'{}'
Ion Melinte;1959-06-22;2;'4 Bacău, colegiul uninominal nr.5';'Ion Melinte';'215';'{}'
Adrian-Miroslav Merka;1976-06-06;2;'';'Adrian-Miroslav Merka';'216';'{"2008": 2, "2004": 2, "2012": 2}'
Aurelian Mihai;1975-11-24;2;'43 Diaspora, colegiul uninominal nr.1';'Aurelian Mihai';'217';'{}'
Ioan Mihăilă;1976-05-11;2;'42 București, colegiul uninominal nr.6';'Ioan Mihăilă';'218';'{}'
Ion-Bogdan Mihăilescu;1978-04-03;2;'42 București, colegiul uninominal nr.28';'Ion-Bogdan Mihăilescu';'219';'{}'
Lucian Militaru;1962-03-04;2;'36 Teleorman, colegiul uninominal nr.4';'Lucian Militaru';'220';'{}'
Liliana Mincă;1969-05-11;2;'7 Botoșani, colegiul uninominal nr.3';'Liliana Mincă';'221';'{}'
Niculae Mircovici;1950-10-01;2;'';'';'222';'{"2008": 2, "2004": 2, "2012": 2}'
Răzvan Horia Mironescu;1967-11-13;2;'42 București, colegiul uninominal nr.26';'Răzvan Horia Mironescu';'223';'{}'
Manuela Mitrea;1963-11-28;2;'14 Constanța, colegiul uninominal nr.8';'Manuela Mitrea';'224';'{"2008": 2, "2000": 2, "2004": 2, "2012": 2}'
Miron Tudor Mitrea;1956-08-08;2;'41 Vrancea, colegiul uninominal nr.4';'Miron Tudor Mitrea';'225';'{"2008": 1, "1996": 2, "2000": 2, "2004": 2, "2012": 2}'
Gavril Mîrza;1948-07-27;2;'35 Suceava, colegiul uninominal nr.3';'Gavril Mîrza';'226';'{"2008": 1, "2012": 2}'
Adrian Mocanu;1983-05-12;2;'10 Buzău, colegiul uninominal nr.2';'Adrian Mocanu';'227';'{"2008": 2, "2012": 2}'
Vasile Mocanu;1946-09-27;2;'24 Iași, colegiul uninominal nr.4';'Vasile Mocanu';'228';'{"2008": 2, "2000": 1, "2004": 2, "2012": 2}'
Ion Mocioalcă;1958-01-01;2;'';'Ion Mocioalcă';'229';'{"2008": 2, "2000": 2, "2004": 2, "2012": 2}'
Niculina Mocioi;1979-05-10;2;'20 Gorj, colegiul uninominal nr.5';'Niculina Mocioi';'230';'{}'
Constantin Moisii;1952-11-30;2;'29 Neamț, colegiul uninominal nr.3';'Constantin Moisii';'231';'{}'
Carmen Ileana Moldovan;1970-05-14;2;'16 Dâmbovița, colegiul uninominal nr.8';'Carmen Ileana Moldovan';'232';'{"2008": 2, "2000": 2, "2012": 2}'
Ioan Moldovan;1951-01-26;2;'13 Cluj, colegiul uninominal nr.7';'Ioan Moldovan';'233';'{}'
Moldovan Iosif;1976-04-21;2;'21 Harghita, colegiul uninominal nr.4';'Moldovan Iosif';'234';'{}'
Molnar Zsolt;1983-08-23;2;'37 Timiș, colegiul uninominal nr.2';'Molnar Zsolt';'235';'{}'
Dan-Ștefan Motreanu;1970-09-11;2;'12 Călărași, colegiul uninominal nr.3';'Dan-Ștefan Motreanu';'236';'{"2008": 2, "2004": 2, "2012": 2}'
Constantin-Stelian-Emil Moț;1981-04-23;2;'30 Olt, colegiul uninominal nr.1';'Constantin-Stelian-Emil Moț';'237';'{}'
Petru Movilă;1967-10-26;2;'24 Iași, colegiul uninominal nr.3';'Petru Movilă';'238';'{"2008": 2, "2004": 2, "2012": 2}'
Mircia Muntean;1963-04-28;2;'22 Hunedoara, colegiul uninominal nr.6';'Mircia Muntean';'239';'{}'
Ioan Munteanu;1949-08-07;2;'29 Neamț, colegiul uninominal nr.5';'Ioan Munteanu';'240';'{"2008": 2, "2004": 2, "2012": 2}'
Neagu Murgu;1962-08-01;2;'41 Vrancea, colegiul uninominal nr.5';'Neagu Murgu';'241';'{}'
Rodica Nassar;1957-06-25;2;'42 București, colegiul uninominal nr.6';'';'242';'{"2008": 2, "2000": 2, "2004": 2, "2012": 2}'
Alexandru Nazare;1980-06-25;2;'9 Brăila, colegiul uninominal nr.2';'Alexandru Nazare';'243';'{}'
Marian Neacșu;1964-05-27;2;'23 Ialomița, colegiul uninominal nr.2';'Marian Neacșu';'244';'{"2008": 2, "2012": 2}'
Aurel Nechita;1951-04-14;2;'18 Galați, colegiul uninominal nr.9';'Aurel Nechita';'245';'{"2004": 2, "2012": 2}'
Cosmin Necula;1978-08-13;2;'4 Bacău, colegiul uninominal nr.2';'Cosmin Necula';'246';'{}'
Clement Negruț;1964-11-07;2;'1 Alba, colegiul uninominal nr.2';'';'247';'{"2008": 2, "2012": 2}'
Cornelia Negruț;1961-05-10;2;'26 Maramureș, colegiul uninominal nr.6';'Cornelia Negruț';'248';'{}'
Gheorghe Nețoiu;1959-08-01;2;'17 Dolj, colegiul uninominal nr.1';'Gheorghe Nețoiu';'249';'{}'
Dan Nica;1960-07-02;2;'18 Galați, colegiul uninominal nr.5';'Dan Nica';'250';'{"2008": 2, "1996": 2, "2000": 2, "2004": 2, "2012": 2}'
Nicolae-Ciprian Nica;1958-10-26;2;'41 Vrancea, colegiul uninominal nr.1';'Nicolae-Ciprian Nica';'251';'{"2008": 2, "2012": 2}'
Cristina Nichita;1965-12-18;2;'24 Iași, colegiul uninominal nr.9';'Cristina Nichita';'252';'{}'
Romeo Florin Nicoară;1972-11-12;2;'42 București, colegiul uninominal nr.20';'';'253';'{"2008": 1, "2012": 2}'
Alexandri Nicolae;1967-09-28;2;'31 Prahova, colegiul uninominal nr.7';'Alexandri Nicolae';'254';'{"2004": 2, "2012": 2}'
Florian Nicolae;1960-12-14;2;'19 Giurgiu, colegiul uninominal nr.1';'Florian Nicolae';'255';'{}'
Gheorghe-Eugen Nicolăescu;1955-08-02;2;'42 București, colegiul uninominal nr.11';'Gheorghe-Eugen Nicolăescu';'256';'{"2008": 2, "2000": 2, "2004": 2, "2012": 2}'
Theodor-Cătălin Nicolescu;1975-02-03;2;'3 Argeș, colegiul uninominal nr.4';'Theodor-Cătălin Nicolescu';'257';'{}'
Eugen Nicolicea;1956-06-06;2;'10 Buzău, colegiul uninominal nr.6';'Eugen Nicolicea';'258';'{"1992": 2, "1996": 2, "2000": 2, "2004": 2, "2008": 2, "2012": 2}'
Aurel Niculae;1957-09-19;2;'12 Călărași, colegiul uninominal nr.4';'Aurel Niculae';'259';'{}'
Dumitru Niculescu;1962-10-22;2;'30 Olt, colegiul uninominal nr.5';'Dumitru Niculescu';'260';'{}'
Bogdan Nicolae Niculescu Duvăz;1948-12-14;2;'3 Argeș, colegiul uninominal nr.5';'Bogdan Nicolae Niculescu Duvăz';'261';'{"1990": 2, "1992": 2, "1996": 2, "2000": 2, "2004": 2, "2008": 2, "2012": 2}'
Oana Niculescu-Mizil Ștefănescu;1975-08-11;2;'42 București, colegiul uninominal nr.23';'';'262';'{"2008": 2, "2012": 2}'
Gheorghe-Vlad Nistor;1954-07-25;2;'42 București, colegiul uninominal nr.1';'Gheorghe-Vlad Nistor';'263';'{}'
Laurențiu Nistor;1951-06-29;2;'22 Hunedoara, colegiul uninominal nr.1';'';'264';'{"2008": 2, "2012": 2}'
Marioara Nistor;1955-01-13;2;'9 Brăila, colegiul uninominal nr.3';'Marioara Nistor';'265';'{}'
Constantin Niță;1955-11-27;2;'8 Brașov, colegiul uninominal nr.4';'Constantin Niță';'266';'{"2008": 2, "2000": 2, "2004": 2, "2012": 2}'
Emil Niță;1956-01-15;2;'8 Brașov, colegiul uninominal nr.5';'Emil Niță';'267';'{}'
Iuliu Nosa;1956-09-25;2;'33 Sălaj, colegiul uninominal nr.3';'Iuliu Nosa';'268';'{"2008": 2, "2004": 2, "2012": 2}'
Daniel Vasile Oajdea;1969-06-11;2;'24 Iași, colegiul uninominal nr.9';'Daniel Vasile Oajdea';'269';'{"2008": 2, "2012": 2}'
Ion Ochi;1964-03-02;2;'8 Brașov, colegiul uninominal nr.2';'Ion Ochi';'270';'{}'
Ioan Oltean;1953-04-20;2;'';'Ioan Oltean';'271';'{"1990": 2, "1996": 2, "2000": 2, "2004": 2, "2008": 2, "2012": 2}'
Ludovic Orban;1963-05-25;2;'42 București, colegiul uninominal nr.3';'';'272';'{"2008": 2, "2012": 2}'
Nechita-Adrian Oros;1965-07-09;2;'13 Cluj, colegiul uninominal nr.1';'Nechita-Adrian Oros';'273';'{}'
Viorel Palașcă;1962-08-24;2;'27 Mehedinți, colegiul uninominal nr.3';'';'274';'{"2008": 2, "2012": 2}'
Ionel Palăr;1972-08-16;2;'4 Bacău, colegiul uninominal nr.7';'';'275';'{"2008": 2, "2004": 2, "2012": 2}'
Theodor Paleologu;1973-07-15;2;'42 București, colegiul uninominal nr.9';'Theodor Paleologu';'276';'{"2008": 2, "2012": 2}'
Varujan Pambuccian;1959-04-25;2;'';'Varujan Pambuccian';'277';'{"2008": 2, "1996": 2, "2000": 2, "2004": 2, "2012": 2}'
Adriana-Doina Pană;1957-05-16;2;'';'Adriana-Doina Pană';'278';'{}'
Dumitru Pardău;1962-06-19;2;'35 Suceava, colegiul uninominal nr.9';'Dumitru Pardău';'279';'{"2008": 2, "2004": 2, "2012": 2}'
Maria-Andreea Paul;1978-09-10;2;'';'Maria-Andreea Paul';'280';'{}'
Nicolae Păun;1964-11-09;2;'';'Nicolae Păun';'281';'{"2008": 2, "2000": 2, "2004": 2, "2012": 2}'
Ion Pârgaru;1948-07-18;2;'16 Dâmbovița, colegiul uninominal nr.4';'Ion Pârgaru';'282';'{"1996": 2, "2012": 2}'
Florin-Costin Pâslaru;1959-09-05;2;'18 Galați, colegiul uninominal nr.6';'Florin-Costin Pâslaru';'283';'{"2008": 2, "2012": 2}'
Ninel Peia;1969-10-07;2;'25 Ilfov, colegiul uninominal nr.2';'Ninel Peia';'284';'{}'
Adrian-Alin Petrache;1976-10-29;2;'42 București, colegiul uninominal nr.15';'Adrian-Alin Petrache';'285';'{}'
Dorin Silviu Petrea;1978-02-02;2;'9 Brăila, colegiul uninominal nr.1';'Dorin Silviu Petrea';'286';'{}'
Petre Petrescu;1956-06-29;2;'17 Dolj, colegiul uninominal nr.5';'';'287';'{"2008": 2, "2012": 2}'
Octavian Petric;1961-10-01;2;'';'Octavian Petric';'288';'{}'
Eusebiu-Manea Pistru-Popa;1966-05-25;2;'2 Arad, colegiul uninominal nr.5';'Eusebiu-Manea Pistru-Popa';'289';'{}'
Rovana Plumb;1960-06-22;2;'16 Dâmbovița, colegiul uninominal nr.2';'Rovana Plumb';'290';'{"2004": 2, "2012": 2}'
Cristina-Ancuța Pocora;1979-04-05;2;'23 Ialomița, colegiul uninominal nr.1';'';'291';'{"2008": 2, "2012": 2}'
Gabriela-Maria Podașcă;1985-05-03;2;'42 București, colegiul uninominal nr.14';'Gabriela-Maria Podașcă';'292';'{}'
Victor-Viorel Ponta;1972-09-20;2;'20 Gorj, colegiul uninominal nr.6';'Victor-Viorel Ponta';'293';'{"2008": 2, "2004": 2, "2012": 2}'
Georgian Pop;1975-06-13;2;'42 București, colegiul uninominal nr.21';'Georgian Pop';'294';'{"2008": 2, "2012": 2}'
Octavian-Marius Popa;1960-08-04;2;'38 Tulcea, colegiul uninominal nr.3';'';'295';'{"2008": 2, "2012": 2}'
Radu Mihai Popa;1976-11-16;2;'16 Dâmbovița, colegiul uninominal nr.4';'Radu Mihai Popa';'296';'{}'
Vasile Popeangă;1948-03-05;2;'20 Gorj, colegiul uninominal nr.5';'';'297';'{"2008": 2, "2012": 2}'
Dan-Cristian Popescu;1975-12-31;2;'42 București, colegiul uninominal nr.8';'Dan-Cristian Popescu';'298';'{}'
Dumitru-Iulian Popescu;1962-06-19;2;'42 București, colegiul uninominal nr.5';'Dumitru-Iulian Popescu';'299';'{}'
Florin Aurelian Popescu;1968-06-29;2;'16 Dâmbovița, colegiul uninominal nr.4';'Florin Aurelian Popescu';'300';'{"2004": 2, "2012": 2}'
Alin Augustin Florin Popoviciu;1973-01-23;2;'37 Timiș, colegiul uninominal nr.5';'Alin Augustin Florin Popoviciu';'301';'{"2008": 2, "2012": 2}'
Călin Potor;1959-11-12;2;'1 Alba, colegiul uninominal nr.1';'';'302';'{"2008": 2, "2012": 2}'
Cezar-Florin Preda;1959-04-27;2;'10 Buzău, colegiul uninominal nr.7';'Cezar-Florin Preda';'303';'{"2008": 2, "2004": 2, "2012": 2}'
Iacob Pușcaș;1977-01-18;2;'34 Sibiu, colegiul uninominal nr.4';'Iacob Pușcaș';'304';'{}'
Ovidiu Alexandru Raețchi;1979-09-15;2;'43 Diaspora, colegiul uninominal nr.4';'Ovidiu Alexandru Raețchi';'305';'{}'
Ion Răducanu;1949-06-24;2;'37 Timiș, colegiul uninominal nr.4';'Ion Răducanu';'306';'{}'
Cătălin-Marian Rădulescu;1962-08-02;2;'3 Argeș, colegiul uninominal nr.9';'Cătălin-Marian Rădulescu';'307';'{"1990": 2, "2012": 2}'
Constantin Rădulescu;1976-01-17;2;'40 Vâlcea, colegiul uninominal nr.2';'Constantin Rădulescu';'308';'{}'
Romeo Rădulescu;1972-11-29;2;'40 Vâlcea, colegiul uninominal nr.1';'Romeo Rădulescu';'309';'{}'
Neculai Rățoi;1939-03-15;2;'24 Iași, colegiul uninominal nr.5';'Neculai Rățoi';'310';'{"2008": 2, "2012": 2}'
Cornel-Cristian Resmeriță;1980-01-26;2;'22 Hunedoara, colegiul uninominal nr.4';'';'311';'{"2008": 2, "2012": 2}'
Cristian Rizea;1969-04-12;2;'9 Brăila, colegiul uninominal nr.5';'Cristian Rizea';'312';'{"2008": 2, "2012": 2}'
Cristian-Constantin Roman;1965-07-02;2;'7 Botoșani, colegiul uninominal nr.5';'Cristian-Constantin Roman';'313';'{}'
Gheorghe Roman;1972-02-06;2;'34 Sibiu, colegiul uninominal nr.3';'Gheorghe Roman';'314';'{"2008": 2, "2012": 2}'
Ioan Sorin Roman;1970-07-03;2;'5 Bihor, colegiul uninominal nr.6';'';'315';'{"2008": 2, "2012": 2}'
Petre Roman;1946-07-22;2;'8 Brașov, colegiul uninominal nr.8';'Petre Roman';'316';'{"1992": 2, "1990": 2, "2000": 1, "1996": 1, "2012": 2}'
Victor Roman;1959-11-01;2;'41 Vrancea, colegiul uninominal nr.6';'Victor Roman';'317';'{}'
Lucreția Roșca;1958-08-27;2;'18 Galați, colegiul uninominal nr.7';'';'318';'{"2008": 2, "2012": 2}'
Mircea Roșca;1974-02-25;2;'31 Prahova, colegiul uninominal nr.1';'Mircea Roșca';'319';'{}'
Răzvan Rotaru;1977-07-03;2;'20 Gorj, colegiul uninominal nr.1';'Răzvan Rotaru';'320';'{}'
Valentin Rusu;1970-03-04;2;'';'Valentin Rusu';'321';'{"2008": 2, "2004": 2, "2012": 2}'
Dan Radu Rușanu;1950-05-25;2;'22 Hunedoara, colegiul uninominal nr.3';'Dan Radu Rușanu';'322';'{"2008": 1, "2000": 2, "2004": 2, "2012": 2}'
Andrei-Valentin Sava;1981-03-27;2;'31 Prahova, colegiul uninominal nr.12';'Andrei-Valentin Sava';'323';'{"2008": 2, "2012": 2}'
Cornel-Mircea Sămărtinean;1967-12-02;2;'37 Timiș, colegiul uninominal nr.1';'Cornel-Mircea Sămărtinean';'324';'{}'
Nini Săpunaru;1963-06-02;2;'41 Vrancea, colegiul uninominal nr.3';'Nini Săpunaru';'325';'{"2008": 2, "2000": 2, "2004": 2, "2012": 2}'
Ionuț-Cristian Săvoiu;1968-10-08;2;'16 Dâmbovița, colegiul uninominal nr.7';'Ionuț-Cristian Săvoiu';'326';'{}'
George Scarlat;1979-05-05;2;'18 Galați, colegiul uninominal nr.3';'George Scarlat';'327';'{}'
Valeria-Diana Schelean-Șomfelean;1981-03-24;2;'';'';'328';'{}'
Adrian George Scutaru;1973-10-24;2;'10 Buzău, colegiul uninominal nr.1';'Adrian George Scutaru';'329';'{"2008": 2, "2004": 2, "2012": 2}'
Florin Mihail Secară;1970-08-11;2;'41 Vrancea, colegiul uninominal nr.6';'Florin Mihail Secară';'330';'{}'
Cristian-George Sefer;1970-03-17;2;'28 Mureș, colegiul uninominal nr.6';'Cristian-George Sefer';'331';'{}'
Seres Dénes;1953-07-21;2;'33 Sălaj, colegiul uninominal nr.2';'';'332';'{"1992": 1, "1996": 1, "2000": 1, "2004": 2, "2008": 2, "2012": 2}'
Ovidiu Ioan Silaghi;1962-12-12;2;'';'Ovidiu Ioan Silaghi';'333';'{"2004": 2, "2012": 2}'
Dan Coriolan Simedru;1962-02-25;2;'1 Alba, colegiul uninominal nr.3';'Dan Coriolan Simedru';'334';'{"2000": 2, "1996": 2, "2012": 2}'
Adrian Constantin Simionescu;1965-06-25;2;'36 Teleorman, colegiul uninominal nr.2';'Adrian Constantin Simionescu';'335';'{}'
Miron Alexandru Smarandache;1960-03-17;2;'4 Bacău, colegiul uninominal nr.7';'Miron Alexandru Smarandache';'336';'{}'
Adrian Solomon;1977-09-20;2;'39 Vaslui, colegiul uninominal nr.4';'Adrian Solomon';'337';'{"2008": 2, "2012": 2}'
Ioan Stan;1956-03-03;2;'35 Suceava, colegiul uninominal nr.5';'Ioan Stan';'338';'{"2008": 2, "2000": 2, "2004": 2, "2012": 2}'
Ion Stan;1955-08-13;2;'16 Dâmbovița, colegiul uninominal nr.3';'Ion Stan';'339';'{"2008": 2, "2000": 2, "2004": 2, "2012": 2}'
Anghel Stanciu;1949-08-15;2;'24 Iași, colegiul uninominal nr.6';'Anghel Stanciu';'340';'{"1992": 2, "1996": 2, "2000": 2, "2004": 2, "2008": 2, "2012": 2}'
Zisu Stanciu;1960-12-28;2;'16 Dâmbovița, colegiul uninominal nr.5';'Zisu Stanciu';'341';'{"2000": 2, "2012": 2}'
Ionel Stancu;1978-10-15;2;'';'Ionel Stancu';'342';'{}'
Irinel Ioan Stativă;1973-01-05;2;'39 Vaslui, colegiul uninominal nr.7';'Irinel Ioan Stativă';'343';'{"2004": 2, "2012": 2}'
Alexandru Stănescu;1961-12-06;2;'30 Olt, colegiul uninominal nr.7';'Alexandru Stănescu';'344';'{}'
Mihai Stănișoară;1962-06-11;2;'27 Mehedinți, colegiul uninominal nr.1';'Mihai Stănișoară';'345';'{"2008": 1, "2000": 2, "2004": 2, "2012": 2}'
Valeriu-Andrei Steriu;1965-09-24;2;'12 Călărași, colegiul uninominal nr.2';'';'346';'{"2008": 2, "2004": 1, "2012": 2}'
Mihaela Stoica;1967-07-06;2;'29 Neamț, colegiul uninominal nr.2';'';'347';'{"2008": 2, "2012": 2}'
Ștefan-Bucur Stoica;1977-07-29;2;'17 Dolj, colegiul uninominal nr.8';'Ștefan-Bucur Stoica';'348';'{}'
Sorin Constantin Stragea;1955-08-05;2;'37 Timiș, colegiul uninominal nr.7';'';'349';'{"2008": 2, "2012": 2}'
Ionuț-Marian Stroe;1979-09-23;2;'17 Dolj, colegiul uninominal nr.3';'';'350';'{"2008": 2, "2012": 2}'
Radu Stroe;1949-08-31;2;'25 Ilfov, colegiul uninominal nr.1';'Radu Stroe';'351';'{"2008": 2, "2000": 2, "2004": 1, "2012": 2}'
Mihai-Răzvan Sturzu;1979-10-03;2;'42 București, colegiul uninominal nr.24';'Mihai-Răzvan Sturzu';'352';'{}'
Vasile-Daniel Suciu;1980-11-07;2;'';'Vasile-Daniel Suciu';'353';'{}'
Raluca Surdu;1978-04-05;2;'12 Călărași, colegiul uninominal nr.5';'Raluca Surdu';'354';'{}'
Iulian-Radu Surugiu;1984-07-10;2;'35 Suceava, colegiul uninominal nr.10';'Iulian-Radu Surugiu';'355';'{}'
Szabó Ödön;1975-07-04;2;'5 Bihor, colegiul uninominal nr.2';'Szabó Ödön';'356';'{}'
Ion Șcheau;1974-02-27;2;'2 Arad, colegiul uninominal nr.3';'Ion Șcheau';'357';'{}'
Gheorghe Șimon;1961-01-01;2;'26 Maramureș, colegiul uninominal nr.5';'Gheorghe Șimon';'358';'{}'
Costel Șoptică;1967-02-18;2;'7 Botoșani, colegiul uninominal nr.4';'Costel Șoptică';'359';'{}'
Lucian Șova;1960-05-31;2;'4 Bacău, colegiul uninominal nr.4';'Lucian Șova';'360';'{}'
Viorel Ștefan;1954-07-26;2;'18 Galați, colegiul uninominal nr.4';'Viorel Ștefan';'361';'{"2008": 2, "1996": 1, "2000": 1, "2004": 1, "2012": 2}'
Elena Cătălina Ștefănescu;1988-08-28;2;'36 Teleorman, colegiul uninominal nr.1';'Elena Cătălina Ștefănescu';'362';'{}'
Gigel-Sorinel Știrbu;1971-09-12;2;'30 Olt, colegiul uninominal nr.6';'';'363';'{"2008": 2, "2012": 2}'
Ion Tabugan;1960-04-01;2;'';'';'364';'{"2008": 2, "2012": 2}'
Gheorghe-Mirel Taloș;1973-12-03;2;'33 Sălaj, colegiul uninominal nr.4';'';'365';'{"2008": 2, "2004": 2, "2012": 2}'
Mihai Tararache;1980-03-30;2;'14 Constanța, colegiul uninominal nr.1';'Mihai Tararache';'366';'{}'
Ioan Tămâian;1954-06-23;2;'34 Sibiu, colegiul uninominal nr.1';'Ioan Tămâian';'367';'{}'
Răzvan-Ionuț Tănase;1979-03-07;2;'31 Prahova, colegiul uninominal nr.6';'Răzvan-Ionuț Tănase';'368';'{}'
Claudiu-Andrei Tănăsescu;1970-02-11;2;'42 București, colegiul uninominal nr.16';'Claudiu-Andrei Tănăsescu';'369';'{}'
Florin-Cristian Tătaru;1967-12-05;2;'26 Maramureș, colegiul uninominal nr.2';'Florin-Cristian Tătaru';'370';'{"2008": 2, "2012": 2}'
Sorin Teju;1965-04-04;2;'31 Prahova, colegiul uninominal nr.5';'Sorin Teju';'371';'{}'
Cătălin-Florin Teodorescu;1965-04-07;2;'3 Argeș, colegiul uninominal nr.9';'Cătălin-Florin Teodorescu';'372';'{}'
Ioan Viorel Teodorescu;1958-04-08;2;'19 Giurgiu, colegiul uninominal nr.3';'Ioan Viorel Teodorescu';'373';'{}'
Hubert Petru Ștefan Thuma;1973-11-02;2;'25 Ilfov, colegiul uninominal nr.3';'Hubert Petru Ștefan Thuma';'374';'{}'
Cătălin Tiuch;1978-11-01;2;'37 Timiș, colegiul uninominal nr.6';'Cătălin Tiuch';'375';'{}'
Angel Tîlvăr;1962-02-11;2;'41 Vrancea, colegiul uninominal nr.2';'Angel Tîlvăr';'376';'{"2008": 2, "2004": 1, "2012": 2}'
Mircea-Nicu Toader;1948-01-23;2;'18 Galați, colegiul uninominal nr.2';'';'377';'{"2008": 2, "2000": 2, "2012": 2}'
Dan-Laurențiu Tocuț;1959-10-01;2;'';'Dan-Laurențiu Tocuț';'378';'{}'
Eugen Tomac;1981-06-27;2;'43 Diaspora, colegiul uninominal nr.2';'Eugen Tomac';'379';'{}'
Rodin Traicu;1956-10-04;2;'27 Mehedinți, colegiul uninominal nr.1';'Rodin Traicu';'380';'{}'
Daniel Tudorache;1964-02-27;2;'42 București, colegiul uninominal nr.4';'Daniel Tudorache';'381';'{}'
Violeta Tudorie;1970-12-25;2;'42 București, colegiul uninominal nr.7';'Violeta Tudorie';'382';'{}'
Mihai Tudose;1967-03-06;2;'9 Brăila, colegiul uninominal nr.4';'Mihai Tudose';'383';'{"2008": 2, "2000": 2, "2004": 2, "2012": 2}'
Raluca Turcan;1976-04-02;2;'34 Sibiu, colegiul uninominal nr.2';'Raluca Turcan';'384';'{"2008": 2, "2004": 2, "2012": 2}'
Adriana Diana Tușa;1978-06-22;2;'42 București, colegiul uninominal nr.2';'Adriana Diana Tușa';'385';'{"2008": 2, "2012": 2}'
Laurențiu Țigăeru Roșca;1970-02-27;2;'41 Vrancea, colegiul uninominal nr.5';'Laurențiu Țigăeru Roșca';'386';'{}'
Radu Bogdan Țîmpău;1977-07-28;2;'22 Hunedoara, colegiul uninominal nr.6';'';'387';'{"2008": 2, "2012": 2}'
Elena Gabriela Udrea;1973-12-26;2;'29 Neamț, colegiul uninominal nr.4';'Elena Gabriela Udrea';'388';'{"2008": 2, "2012": 2}'
Gheorghe Udriște;1947-10-06;2;'42 București, colegiul uninominal nr.25';'Gheorghe Udriște';'389';'{}'
Elena-Ramona Uioreanu;1975-02-22;2;'13 Cluj, colegiul uninominal nr.9';'Elena-Ramona Uioreanu';'390';'{}'
Ionaș-Florin Urcan;1974-12-19;2;'28 Mureș, colegiul uninominal nr.4';'Ionaș-Florin Urcan';'391';'{}'
Eugen Constantin Uricec;1958-05-10;2;'35 Suceava, colegiul uninominal nr.4';'Eugen Constantin Uricec';'392';'{"2008": 2, "2004": 2, "2012": 2}'
Dorinel Ursărescu;1962-01-29;2;'29 Neamț, colegiul uninominal nr.6';'Dorinel Ursărescu';'393';'{"2004": 2, "2012": 2}'
Aurel Vainer;1932-01-10;2;'';'Aurel Vainer';'394';'{"2008": 2, "2004": 2, "2012": 2}'
Lucia-Ana Varga;1967-02-03;2;'5 Bihor, colegiul uninominal nr.3';'';'395';'{"2008": 2, "2012": 2}'
Vasile Varga;1955-01-03;2;'9 Brăila, colegiul uninominal nr.2';'Vasile Varga';'396';'{}'
Nicolae Vasilescu;1967-08-15;2;'17 Dolj, colegiul uninominal nr.2';'Nicolae Vasilescu';'397';'{"2000": 2, "1996": 2, "2012": 2}'
Radu Costin Vasilică;1976-06-02;2;'3 Argeș, colegiul uninominal nr.6';'';'398';'{"2008": 2, "2012": 2}'
Sergiu-Constantin Vizitiu;1977-06-03;2;'39 Vaslui, colegiul uninominal nr.7';'Sergiu-Constantin Vizitiu';'399';'{}'
Iulian Vladu;1961-04-01;2;'16 Dâmbovița, colegiul uninominal nr.8';'Iulian Vladu';'400';'{"2008": 2, "2004": 2, "2012": 2}'
Petru Gabriel Vlase;1971-04-03;2;'4 Bacău, colegiul uninominal nr.10';'';'401';'{"2008": 2, "2004": 2, "2012": 2}'
Aurel Vlădoiu;;2;'40 Vâlcea, colegiul uninominal nr.6';'Aurel Vlădoiu';'402';'{"2008": 2, "2004": 2, "2012": 2}'
Mădălin-Ștefan Voicu;1952-07-10;2;'14 Constanța, colegiul uninominal nr.10';'Mădălin-Ștefan Voicu';'403';'{"2008": 2, "1996": 2, "2000": 2, "2004": 2, "2012": 2}'
Mihai Alexandru Voicu;1968-09-16;2;'17 Dolj, colegiul uninominal nr.7';'Mihai Alexandru Voicu';'404';'{"2008": 2, "2004": 2, "2012": 2}'
Valerian Vreme;1963-07-13;2;'4 Bacău, colegiul uninominal nr.6';'Valerian Vreme';'405';'{"2008": 2, "2012": 2}'
Ioan Vulpescu;1976-06-17;2;'42 București, colegiul uninominal nr.13';'Ioan Vulpescu';'406';'{}'
Mihai Weber;1964-11-18;2;'20 Gorj, colegiul uninominal nr.2';'Mihai Weber';'407';'{}'
Neviser Zaharcu;1952-01-21;2;'38 Tulcea, colegiul uninominal nr.1';'Neviser Zaharcu';'408';'{}'
Daniel-Cătălin Zamfir;1967-03-10;2;'8 Brașov, colegiul uninominal nr.1';'Daniel-Cătălin Zamfir';'409';'{}'
Valeriu Ștefan Zgonea;1967-09-03;2;'17 Dolj, colegiul uninominal nr.9';'';'410';'{"2008": 2, "2000": 2, "2004": 2, "2012": 2}'
Dragoș Gabriel Zisopol;1967-11-12;2;'';'';'411';'{"2008": 2, "2004": 2, "2012": 2}'
Radu Zlati;1960-05-28;2;'13 Cluj, colegiul uninominal nr.5';'Radu Zlati';'412';'{}'
Laura Marin;1969-08-20;2;'18 Galați, colegiul uninominal nr.9';'Laura Marin';'413';'{}'
Petru-Sorin Marica;1963-08-23;2;'22 Hunedoara, colegiul uninominal nr.3';'Petru-Sorin Marica';'414';'{}'
Andrei Daniel Gheorghe;1985-07-27;2;'25 Ilfov, colegiul uninominal nr.4';'Andrei Daniel Gheorghe';'415';'{}'
Ovidiu Ioan Silaghi;1962-12-12;2;'';'Ovidiu Ioan Silaghi';'416';'{"2004": 2, "2012": 2}'
Florică Bîrsășteanu;1959-05-20;2;'37 Timiș, colegiul uninominal nr.3';'Florică Bîrsășteanu';'417';'{}'
